{
    "Meta Data": {
        "1. Information": "Daily Time Series with Splits and Dividend Events",
        "2. Symbol": "MSFT",
        "3. Last Refreshed": "2023-04-21",
        "4. Output Size": "Compact",
        "5. Time Zone": "US/Eastern"
    },
    "Time Series (Daily)": {
        "2023-04-21": {
            "1. open": "285.01",
            "2. high": "286.27",
            "3. low": "283.0608",
            "4. close": "285.76",
            "5. adjusted close": "285.76",
            "6. volume": "21676387",
            "7. dividend amount": "0.0000",
            "8. split coefficient": "1.0"
        },
        "2023-04-20": {
            "1. open": "285.25",
            "2. high": "289.03",
            "3. low": "285.08",
            "4. close": "286.11",
            "5. adjusted close": "286.11",
            "6. volume": "23244363",
            "7. dividend amount": "0.0000",
            "8. split coefficient": "1.0"
        },
        "2023-04-19": {
            "1. open": "285.99",
            "2. high": "289.05",
            "3. low": "284.54",
            "4. close": "288.45",
            "5. adjusted close": "288.45",
            "6. volume": "17150271",
            "7. dividend amount": "0.0000",
            "8. split coefficient": "1.0"
        },
        "2023-04-18": {
            "1. open": "291.57",
            "2. high": "291.755",
            "3. low": "287.01",
            "4. close": "288.37",
            "5. adjusted close": "288.37",
            "6. volume": "20161845",
            "7. dividend amount": "0.0000",
            "8. split coefficient": "1.0"
        },
        "2023-04-17": {
            "1. open": "289.93",
            "2. high": "291.6",
            "3. low": "286.16",
            "4. close": "288.8",
            "5. adjusted close": "288.8",
            "6. volume": "23791151",
            "7. dividend amount": "0.0000",
            "8. split coefficient": "1.0"
        },
        "2023-04-14": {
            "1. open": "287.0",
            "2. high": "288.48",
            "3. low": "283.69",
            "4. close": "286.14",
            "5. adjusted close": "286.14",
            "6. volume": "20987917",
            "7. dividend amount": "0.0000",
            "8. split coefficient": "1.0"
        },
        "2023-04-13": {
            "1. open": "283.59",
            "2. high": "289.9",
            "3. low": "283.17",
            "4. close": "289.84",
            "5. adjusted close": "289.84",
            "6. volume": "24222678",
            "7. dividend amount": "0.0000",
            "8. split coefficient": "1.0"
        },
        "2023-04-12": {
            "1. open": "284.79",
            "2. high": "287.01",
            "3. low": "281.96",
            "4. close": "283.49",
            "5. adjusted close": "283.49",
            "6. volume": "27403432",
            "7. dividend amount": "0.0000",
            "8. split coefficient": "1.0"
        },
        "2023-04-11": {
            "1. open": "285.75",
            "2. high": "285.98",
            "3. low": "281.64",
            "4. close": "282.83",
            "5. adjusted close": "282.83",
            "6. volume": "27276589",
            "7. dividend amount": "0.0000",
            "8. split coefficient": "1.0"
        },
        "2023-04-10": {
            "1. open": "289.208",
            "2. high": "289.6",
            "3. low": "284.71",
            "4. close": "289.39",
            "5. adjusted close": "289.39",
            "6. volume": "23102994",
            "7. dividend amount": "0.0000",
            "8. split coefficient": "1.0"
        },
        "2023-04-06": {
            "1. open": "283.21",
            "2. high": "292.08",
            "3. low": "282.03",
            "4. close": "291.6",
            "5. adjusted close": "291.6",
            "6. volume": "29770334",
            "7. dividend amount": "0.0000",
            "8. split coefficient": "1.0"
        },
        "2023-04-05": {
            "1. open": "285.85",
            "2. high": "287.15",
            "3. low": "282.92",
            "4. close": "284.34",
            "5. adjusted close": "284.34",
            "6. volume": "22064770",
            "7. dividend amount": "0.0000",
            "8. split coefficient": "1.0"
        },
        "2023-04-04": {
            "1. open": "287.23",
            "2. high": "290.4499",
            "3. low": "285.67",
            "4. close": "287.18",
            "5. adjusted close": "287.18",
            "6. volume": "25824299",
            "7. dividend amount": "0.0000",
            "8. split coefficient": "1.0"
        },
        "2023-04-03": {
            "1. open": "286.52",
            "2. high": "288.27",
            "3. low": "283.95",
            "4. close": "287.23",
            "5. adjusted close": "287.23",
            "6. volume": "24883342",
            "7. dividend amount": "0.0000",
            "8. split coefficient": "1.0"
        },
        "2023-03-31": {
            "1. open": "283.73",
            "2. high": "289.27",
            "3. low": "283.0",
            "4. close": "288.3",
            "5. adjusted close": "288.3",
            "6. volume": "32765976",
            "7. dividend amount": "0.0000",
            "8. split coefficient": "1.0"
        },
        "2023-03-30": {
            "1. open": "284.23",
            "2. high": "284.46",
            "3. low": "281.48",
            "4. close": "284.05",
            "5. adjusted close": "284.05",
            "6. volume": "25053410",
            "7. dividend amount": "0.0000",
            "8. split coefficient": "1.0"
        },
        "2023-03-29": {
            "1. open": "278.96",
            "2. high": "281.1398",
            "3. low": "278.41",
            "4. close": "280.51",
            "5. adjusted close": "280.51",
            "6. volume": "25087032",
            "7. dividend amount": "0.0000",
            "8. split coefficient": "1.0"
        },
        "2023-03-28": {
            "1. open": "275.79",
            "2. high": "276.14",
            "3. low": "272.0451",
            "4. close": "275.23",
            "5. adjusted close": "275.23",
            "6. volume": "21878647",
            "7. dividend amount": "0.0000",
            "8. split coefficient": "1.0"
        },
        "2023-03-27": {
            "1. open": "280.5",
            "2. high": "281.4589",
            "3. low": "275.52",
            "4. close": "276.38",
            "5. adjusted close": "276.38",
            "6. volume": "26840212",
            "7. dividend amount": "0.0000",
            "8. split coefficient": "1.0"
        },
        "2023-03-24": {
            "1. open": "277.24",
            "2. high": "280.63",
            "3. low": "275.28",
            "4. close": "280.57",
            "5. adjusted close": "280.57",
            "6. volume": "28199962",
            "7. dividend amount": "0.0000",
            "8. split coefficient": "1.0"
        },
        "2023-03-23": {
            "1. open": "277.94",
            "2. high": "281.06",
            "3. low": "275.2",
            "4. close": "277.66",
            "5. adjusted close": "277.66",
            "6. volume": "36610879",
            "7. dividend amount": "0.0000",
            "8. split coefficient": "1.0"
        },
        "2023-03-22": {
            "1. open": "273.4",
            "2. high": "281.04",
            "3. low": "272.18",
            "4. close": "272.29",
            "5. adjusted close": "272.29",
            "6. volume": "34873330",
            "7. dividend amount": "0.0000",
            "8. split coefficient": "1.0"
        },
        "2023-03-21": {
            "1. open": "274.88",
            "2. high": "275.0",
            "3. low": "269.5191",
            "4. close": "273.78",
            "5. adjusted close": "273.78",
            "6. volume": "34558704",
            "7. dividend amount": "0.0000",
            "8. split coefficient": "1.0"
        },
        "2023-03-20": {
            "1. open": "276.98",
            "2. high": "277.48",
            "3. low": "269.85",
            "4. close": "272.23",
            "5. adjusted close": "272.23",
            "6. volume": "43466649",
            "7. dividend amount": "0.0000",
            "8. split coefficient": "1.0"
        },
        "2023-03-17": {
            "1. open": "278.26",
            "2. high": "283.33",
            "3. low": "276.3201",
            "4. close": "279.43",
            "5. adjusted close": "279.43",
            "6. volume": "69527371",
            "7. dividend amount": "0.0000",
            "8. split coefficient": "1.0"
        },
        "2023-03-16": {
            "1. open": "265.205",
            "2. high": "276.56",
            "3. low": "263.28",
            "4. close": "276.2",
            "5. adjusted close": "276.2",
            "6. volume": "54832140",
            "7. dividend amount": "0.0000",
            "8. split coefficient": "1.0"
        },
        "2023-03-15": {
            "1. open": "259.98",
            "2. high": "266.48",
            "3. low": "259.21",
            "4. close": "265.44",
            "5. adjusted close": "265.44",
            "6. volume": "46028047",
            "7. dividend amount": "0.0000",
            "8. split coefficient": "1.0"
        },
        "2023-03-14": {
            "1. open": "256.75",
            "2. high": "261.07",
            "3. low": "255.86",
            "4. close": "260.79",
            "5. adjusted close": "260.79",
            "6. volume": "33620293",
            "7. dividend amount": "0.0000",
            "8. split coefficient": "1.0"
        },
        "2023-03-13": {
            "1. open": "247.4",
            "2. high": "257.91",
            "3. low": "245.73",
            "4. close": "253.92",
            "5. adjusted close": "253.92",
            "6. volume": "33339721",
            "7. dividend amount": "0.0000",
            "8. split coefficient": "1.0"
        },
        "2023-03-10": {
            "1. open": "251.08",
            "2. high": "252.79",
            "3. low": "247.6",
            "4. close": "248.59",
            "5. adjusted close": "248.59",
            "6. volume": "28333930",
            "7. dividend amount": "0.0000",
            "8. split coefficient": "1.0"
        },
        "2023-03-09": {
            "1. open": "255.82",
            "2. high": "259.56",
            "3. low": "251.58",
            "4. close": "252.32",
            "5. adjusted close": "252.32",
            "6. volume": "26653387",
            "7. dividend amount": "0.0000",
            "8. split coefficient": "1.0"
        },
        "2023-03-08": {
            "1. open": "254.04",
            "2. high": "254.5417",
            "3. low": "250.81",
            "4. close": "253.7",
            "5. adjusted close": "253.7",
            "6. volume": "17340217",
            "7. dividend amount": "0.0000",
            "8. split coefficient": "1.0"
        },
        "2023-03-07": {
            "1. open": "256.3",
            "2. high": "257.69",
            "3. low": "253.39",
            "4. close": "254.15",
            "5. adjusted close": "254.15",
            "6. volume": "21473179",
            "7. dividend amount": "0.0000",
            "8. split coefficient": "1.0"
        },
        "2023-03-06": {
            "1. open": "256.425",
            "2. high": "260.12",
            "3. low": "255.98",
            "4. close": "256.87",
            "5. adjusted close": "256.87",
            "6. volume": "24109849",
            "7. dividend amount": "0.0000",
            "8. split coefficient": "1.0"
        },
        "2023-03-03": {
            "1. open": "252.19",
            "2. high": "255.62",
            "3. low": "251.39",
            "4. close": "255.29",
            "5. adjusted close": "255.29",
            "6. volume": "30760136",
            "7. dividend amount": "0.0000",
            "8. split coefficient": "1.0"
        },
        "2023-03-02": {
            "1. open": "246.55",
            "2. high": "251.4",
            "3. low": "245.61",
            "4. close": "251.11",
            "5. adjusted close": "251.11",
            "6. volume": "24833646",
            "7. dividend amount": "0.0000",
            "8. split coefficient": "1.0"
        },
        "2023-03-01": {
            "1. open": "250.76",
            "2. high": "250.93",
            "3. low": "245.79",
            "4. close": "246.27",
            "5. adjusted close": "246.27",
            "6. volume": "27565259",
            "7. dividend amount": "0.0000",
            "8. split coefficient": "1.0"
        },
        "2023-02-28": {
            "1. open": "249.07",
            "2. high": "251.49",
            "3. low": "248.73",
            "4. close": "249.42",
            "5. adjusted close": "249.42",
            "6. volume": "22490950",
            "7. dividend amount": "0.0000",
            "8. split coefficient": "1.0"
        },
        "2023-02-27": {
            "1. open": "252.46",
            "2. high": "252.82",
            "3. low": "249.39",
            "4. close": "250.16",
            "5. adjusted close": "250.16",
            "6. volume": "21190042",
            "7. dividend amount": "0.0000",
            "8. split coefficient": "1.0"
        },
        "2023-02-24": {
            "1. open": "249.96",
            "2. high": "251.0",
            "3. low": "248.1",
            "4. close": "249.22",
            "5. adjusted close": "249.22",
            "6. volume": "24990905",
            "7. dividend amount": "0.0000",
            "8. split coefficient": "1.0"
        },
        "2023-02-23": {
            "1. open": "255.56",
            "2. high": "256.84",
            "3. low": "250.48",
            "4. close": "254.77",
            "5. adjusted close": "254.77",
            "6. volume": "29219095",
            "7. dividend amount": "0.0000",
            "8. split coefficient": "1.0"
        },
        "2023-02-22": {
            "1. open": "254.09",
            "2. high": "254.34",
            "3. low": "250.34",
            "4. close": "251.51",
            "5. adjusted close": "251.51",
            "6. volume": "22491056",
            "7. dividend amount": "0.0000",
            "8. split coefficient": "1.0"
        },
        "2023-02-21": {
            "1. open": "254.48",
            "2. high": "255.49",
            "3. low": "251.59",
            "4. close": "252.67",
            "5. adjusted close": "252.67",
            "6. volume": "28397444",
            "7. dividend amount": "0.0000",
            "8. split coefficient": "1.0"
        },
        "2023-02-17": {
            "1. open": "259.39",
            "2. high": "260.09",
            "3. low": "256.0",
            "4. close": "258.06",
            "5. adjusted close": "258.06",
            "6. volume": "30000055",
            "7. dividend amount": "0.0000",
            "8. split coefficient": "1.0"
        },
        "2023-02-16": {
            "1. open": "264.02",
            "2. high": "266.74",
            "3. low": "261.9",
            "4. close": "262.15",
            "5. adjusted close": "262.15",
            "6. volume": "29603616",
            "7. dividend amount": "0.0000",
            "8. split coefficient": "1.0"
        },
        "2023-02-15": {
            "1. open": "268.32",
            "2. high": "270.73",
            "3. low": "266.18",
            "4. close": "269.32",
            "5. adjusted close": "269.32",
            "6. volume": "28962163",
            "7. dividend amount": "0.6800",
            "8. split coefficient": "1.0"
        },
        "2023-02-14": {
            "1. open": "272.67",
            "2. high": "274.97",
            "3. low": "269.28",
            "4. close": "272.17",
            "5. adjusted close": "271.484534814815",
            "6. volume": "37047924",
            "7. dividend amount": "0.0000",
            "8. split coefficient": "1.0"
        },
        "2023-02-13": {
            "1. open": "267.64",
            "2. high": "274.6",
            "3. low": "267.15",
            "4. close": "271.32",
            "5. adjusted close": "270.636675555556",
            "6. volume": "44630921",
            "7. dividend amount": "0.0000",
            "8. split coefficient": "1.0"
        },
        "2023-02-10": {
            "1. open": "261.53",
            "2. high": "264.09",
            "3. low": "260.662",
            "4. close": "263.1",
            "5. adjusted close": "262.437377777778",
            "6. volume": "25818489",
            "7. dividend amount": "0.0000",
            "8. split coefficient": "1.0"
        },
        "2023-02-09": {
            "1. open": "273.8",
            "2. high": "273.98",
            "3. low": "262.8",
            "4. close": "263.62",
            "5. adjusted close": "262.956068148148",
            "6. volume": "42375102",
            "7. dividend amount": "0.0000",
            "8. split coefficient": "1.0"
        },
        "2023-02-08": {
            "1. open": "273.2",
            "2. high": "276.76",
            "3. low": "266.21",
            "4. close": "266.73",
            "5. adjusted close": "266.058235555556",
            "6. volume": "54686049",
            "7. dividend amount": "0.0000",
            "8. split coefficient": "1.0"
        },
        "2023-02-07": {
            "1. open": "260.53",
            "2. high": "268.775",
            "3. low": "260.08",
            "4. close": "267.56",
            "5. adjusted close": "266.886145185185",
            "6. volume": "50841365",
            "7. dividend amount": "0.0000",
            "8. split coefficient": "1.0"
        },
        "2023-02-06": {
            "1. open": "257.44",
            "2. high": "258.3",
            "3. low": "254.78",
            "4. close": "256.77",
            "5. adjusted close": "256.12332",
            "6. volume": "22517997",
            "7. dividend amount": "0.0000",
            "8. split coefficient": "1.0"
        },
        "2023-02-03": {
            "1. open": "259.542",
            "2. high": "264.2",
            "3. low": "257.1",
            "4. close": "258.35",
            "5. adjusted close": "257.699340740741",
            "6. volume": "29077256",
            "7. dividend amount": "0.0000",
            "8. split coefficient": "1.0"
        },
        "2023-02-02": {
            "1. open": "258.82",
            "2. high": "264.69",
            "3. low": "257.25",
            "4. close": "264.6",
            "5. adjusted close": "263.9336",
            "6. volume": "39940437",
            "7. dividend amount": "0.0000",
            "8. split coefficient": "1.0"
        },
        "2023-02-01": {
            "1. open": "248.0",
            "2. high": "255.18",
            "3. low": "245.47",
            "4. close": "252.75",
            "5. adjusted close": "252.113444444444",
            "6. volume": "31259912",
            "7. dividend amount": "0.0000",
            "8. split coefficient": "1.0"
        },
        "2023-01-31": {
            "1. open": "243.45",
            "2. high": "247.95",
            "3. low": "242.945",
            "4. close": "247.81",
            "5. adjusted close": "247.185885925926",
            "6. volume": "26541072",
            "7. dividend amount": "0.0000",
            "8. split coefficient": "1.0"
        },
        "2023-01-30": {
            "1. open": "244.51",
            "2. high": "245.6",
            "3. low": "242.2",
            "4. close": "242.71",
            "5. adjusted close": "242.09873037037",
            "6. volume": "25867365",
            "7. dividend amount": "0.0000",
            "8. split coefficient": "1.0"
        },
        "2023-01-27": {
            "1. open": "248.99",
            "2. high": "249.83",
            "3. low": "246.83",
            "4. close": "248.16",
            "5. adjusted close": "247.535004444444",
            "6. volume": "26498939",
            "7. dividend amount": "0.0000",
            "8. split coefficient": "1.0"
        },
        "2023-01-26": {
            "1. open": "243.65",
            "2. high": "248.31",
            "3. low": "242.0",
            "4. close": "248.0",
            "5. adjusted close": "247.375407407407",
            "6. volume": "33454491",
            "7. dividend amount": "0.0000",
            "8. split coefficient": "1.0"
        },
        "2023-01-25": {
            "1. open": "234.48",
            "2. high": "243.3",
            "3. low": "230.9",
            "4. close": "240.61",
            "5. adjusted close": "240.004019259259",
            "6. volume": "66526641",
            "7. dividend amount": "0.0000",
            "8. split coefficient": "1.0"
        },
        "2023-01-24": {
            "1. open": "242.5",
            "2. high": "243.95",
            "3. low": "240.44",
            "4. close": "242.04",
            "5. adjusted close": "241.430417777778",
            "6. volume": "40234444",
            "7. dividend amount": "0.0000",
            "8. split coefficient": "1.0"
        },
        "2023-01-23": {
            "1. open": "241.1",
            "2. high": "245.165",
            "3. low": "239.65",
            "4. close": "242.58",
            "5. adjusted close": "241.969057777778",
            "6. volume": "31933951",
            "7. dividend amount": "0.0000",
            "8. split coefficient": "1.0"
        },
        "2023-01-20": {
            "1. open": "234.855",
            "2. high": "240.74",
            "3. low": "234.51",
            "4. close": "240.22",
            "5. adjusted close": "239.615001481481",
            "6. volume": "35389809",
            "7. dividend amount": "0.0000",
            "8. split coefficient": "1.0"
        },
        "2023-01-19": {
            "1. open": "233.78",
            "2. high": "235.52",
            "3. low": "230.68",
            "4. close": "231.93",
            "5. adjusted close": "231.34588",
            "6. volume": "28623033",
            "7. dividend amount": "0.0000",
            "8. split coefficient": "1.0"
        },
        "2023-01-18": {
            "1. open": "241.565",
            "2. high": "242.38",
            "3. low": "235.52",
            "4. close": "235.81",
            "5. adjusted close": "235.216108148148",
            "6. volume": "30028692",
            "7. dividend amount": "0.0000",
            "8. split coefficient": "1.0"
        },
        "2023-01-17": {
            "1. open": "237.97",
            "2. high": "240.91",
            "3. low": "237.09",
            "4. close": "240.35",
            "5. adjusted close": "239.744674074074",
            "6. volume": "29831257",
            "7. dividend amount": "0.0000",
            "8. split coefficient": "1.0"
        },
        "2023-01-13": {
            "1. open": "237.002",
            "2. high": "239.37",
            "3. low": "234.92",
            "4. close": "239.23",
            "5. adjusted close": "238.627494814815",
            "6. volume": "21333265",
            "7. dividend amount": "0.0000",
            "8. split coefficient": "1.0"
        },
        "2023-01-12": {
            "1. open": "235.26",
            "2. high": "239.9",
            "3. low": "233.56",
            "4. close": "238.51",
            "5. adjusted close": "237.909308148148",
            "6. volume": "27269486",
            "7. dividend amount": "0.0000",
            "8. split coefficient": "1.0"
        },
        "2023-01-11": {
            "1. open": "231.29",
            "2. high": "235.95",
            "3. low": "231.11",
            "4. close": "235.77",
            "5. adjusted close": "235.176208888889",
            "6. volume": "28669331",
            "7. dividend amount": "0.0000",
            "8. split coefficient": "1.0"
        },
        "2023-01-10": {
            "1. open": "227.755",
            "2. high": "231.31",
            "3. low": "227.33",
            "4. close": "228.85",
            "5. adjusted close": "228.273637037037",
            "6. volume": "27033881",
            "7. dividend amount": "0.0000",
            "8. split coefficient": "1.0"
        },
        "2023-01-09": {
            "1. open": "226.45",
            "2. high": "231.2366",
            "3. low": "226.41",
            "4. close": "227.12",
            "5. adjusted close": "226.547994074074",
            "6. volume": "27369784",
            "7. dividend amount": "0.0000",
            "8. split coefficient": "1.0"
        },
        "2023-01-06": {
            "1. open": "223.0",
            "2. high": "225.7601",
            "3. low": "219.35",
            "4. close": "224.93",
            "5. adjusted close": "224.36350962963",
            "6. volume": "43613574",
            "7. dividend amount": "0.0000",
            "8. split coefficient": "1.0"
        },
        "2023-01-05": {
            "1. open": "227.2",
            "2. high": "227.55",
            "3. low": "221.7602",
            "4. close": "222.31",
            "5. adjusted close": "221.750108148148",
            "6. volume": "39585623",
            "7. dividend amount": "0.0000",
            "8. split coefficient": "1.0"
        },
        "2023-01-04": {
            "1. open": "232.275",
            "2. high": "232.87",
            "3. low": "225.96",
            "4. close": "229.1",
            "5. adjusted close": "228.523007407407",
            "6. volume": "50623394",
            "7. dividend amount": "0.0000",
            "8. split coefficient": "1.0"
        },
        "2023-01-03": {
            "1. open": "243.08",
            "2. high": "245.75",
            "3. low": "237.4",
            "4. close": "239.58",
            "5. adjusted close": "238.976613333333",
            "6. volume": "25740036",
            "7. dividend amount": "0.0000",
            "8. split coefficient": "1.0"
        },
        "2022-12-30": {
            "1. open": "238.21",
            "2. high": "239.96",
            "3. low": "236.66",
            "4. close": "239.82",
            "5. adjusted close": "239.216008888889",
            "6. volume": "21938472",
            "7. dividend amount": "0.0000",
            "8. split coefficient": "1.0"
        },
        "2022-12-29": {
            "1. open": "235.65",
            "2. high": "241.92",
            "3. low": "235.65",
            "4. close": "241.01",
            "5. adjusted close": "240.403011851852",
            "6. volume": "19770693",
            "7. dividend amount": "0.0000",
            "8. split coefficient": "1.0"
        },
        "2022-12-28": {
            "1. open": "236.89",
            "2. high": "239.72",
            "3. low": "234.17",
            "4. close": "234.53",
            "5. adjusted close": "233.939331851852",
            "6. volume": "17457104",
            "7. dividend amount": "0.0000",
            "8. split coefficient": "1.0"
        },
        "2022-12-27": {
            "1. open": "238.7",
            "2. high": "238.93",
            "3. low": "235.83",
            "4. close": "236.96",
            "5. adjusted close": "236.363211851852",
            "6. volume": "16688648",
            "7. dividend amount": "0.0000",
            "8. split coefficient": "1.0"
        },
        "2022-12-23": {
            "1. open": "236.11",
            "2. high": "238.87",
            "3. low": "233.9428",
            "4. close": "238.73",
            "5. adjusted close": "238.128754074074",
            "6. volume": "21206982",
            "7. dividend amount": "0.0000",
            "8. split coefficient": "1.0"
        },
        "2022-12-22": {
            "1. open": "241.255",
            "2. high": "241.99",
            "3. low": "233.87",
            "4. close": "238.19",
            "5. adjusted close": "237.590114074074",
            "6. volume": "28651664",
            "7. dividend amount": "0.0000",
            "8. split coefficient": "1.0"
        },
        "2022-12-21": {
            "1. open": "241.69",
            "2. high": "245.615",
            "3. low": "240.11",
            "4. close": "244.43",
            "5. adjusted close": "243.814398518519",
            "6. volume": "23690607",
            "7. dividend amount": "0.0000",
            "8. split coefficient": "1.0"
        },
        "2022-12-20": {
            "1. open": "239.4",
            "2. high": "242.91",
            "3. low": "238.42",
            "4. close": "241.8",
            "5. adjusted close": "241.191022222222",
            "6. volume": "25150802",
            "7. dividend amount": "0.0000",
            "8. split coefficient": "1.0"
        },
        "2022-12-19": {
            "1. open": "244.86",
            "2. high": "245.21",
            "3. low": "238.71",
            "4. close": "240.45",
            "5. adjusted close": "239.844422222222",
            "6. volume": "29696436",
            "7. dividend amount": "0.0000",
            "8. split coefficient": "1.0"
        },
        "2022-12-16": {
            "1. open": "248.55",
            "2. high": "249.84",
            "3. low": "243.51",
            "4. close": "244.69",
            "5. adjusted close": "244.073743703704",
            "6. volume": "86101994",
            "7. dividend amount": "0.0000",
            "8. split coefficient": "1.0"
        },
        "2022-12-15": {
            "1. open": "253.72",
            "2. high": "254.2",
            "3. low": "247.34",
            "4. close": "249.01",
            "5. adjusted close": "248.382863703704",
            "6. volume": "35568093",
            "7. dividend amount": "0.0000",
            "8. split coefficient": "1.0"
        },
        "2022-12-14": {
            "1. open": "257.13",
            "2. high": "262.588",
            "3. low": "254.31",
            "4. close": "257.22",
            "5. adjusted close": "256.572186666667",
            "6. volume": "35410933",
            "7. dividend amount": "0.0000",
            "8. split coefficient": "1.0"
        },
        "2022-12-13": {
            "1. open": "261.69",
            "2. high": "263.915",
            "3. low": "253.07",
            "4. close": "256.92",
            "5. adjusted close": "256.272942222222",
            "6. volume": "42196884",
            "7. dividend amount": "0.0000",
            "8. split coefficient": "1.0"
        },
        "2022-12-12": {
            "1. open": "247.445",
            "2. high": "252.54",
            "3. low": "247.17",
            "4. close": "252.51",
            "5. adjusted close": "251.874048888889",
            "6. volume": "30665069",
            "7. dividend amount": "0.0000",
            "8. split coefficient": "1.0"
        },
        "2022-12-09": {
            "1. open": "244.695",
            "2. high": "248.31",
            "3. low": "244.16",
            "4. close": "245.42",
            "5. adjusted close": "244.801905185185",
            "6. volume": "20609743",
            "7. dividend amount": "0.0000",
            "8. split coefficient": "1.0"
        },
        "2022-12-08": {
            "1. open": "244.84",
            "2. high": "248.74",
            "3. low": "243.06",
            "4. close": "247.4",
            "5. adjusted close": "246.776918518518",
            "6. volume": "22611757",
            "7. dividend amount": "0.0000",
            "8. split coefficient": "1.0"
        },
        "2022-12-07": {
            "1. open": "244.83",
            "2. high": "246.16",
            "3. low": "242.205",
            "4. close": "244.37",
            "5. adjusted close": "243.75454962963",
            "6. volume": "20481522",
            "7. dividend amount": "0.0000",
            "8. split coefficient": "1.0"
        },
        "2022-12-06": {
            "1. open": "250.82",
            "2. high": "251.86",
            "3. low": "243.78",
            "4. close": "245.12",
            "5. adjusted close": "244.502660740741",
            "6. volume": "22463727",
            "7. dividend amount": "0.0000",
            "8. split coefficient": "1.0"
        },
        "2022-12-05": {
            "1. open": "252.01",
            "2. high": "253.819",
            "3. low": "248.06",
            "4. close": "250.2",
            "5. adjusted close": "249.569866666667",
            "6. volume": "23435294",
            "7. dividend amount": "0.0000",
            "8. split coefficient": "1.0"
        },
        "2022-12-02": {
            "1. open": "249.82",
            "2. high": "256.06",
            "3. low": "249.69",
            "4. close": "255.02",
            "5. adjusted close": "254.377727407407",
            "6. volume": "21528520",
            "7. dividend amount": "0.0000",
            "8. split coefficient": "1.0"
        },
        "2022-12-01": {
            "1. open": "253.87",
            "2. high": "256.12",
            "3. low": "250.9156",
            "4. close": "254.69",
            "5. adjusted close": "254.048558518518",
            "6. volume": "26041524",
            "7. dividend amount": "0.0000",
            "8. split coefficient": "1.0"
        },
        "2022-11-30": {
            "1. open": "240.57",
            "2. high": "255.33",
            "3. low": "239.86",
            "4. close": "255.14",
            "5. adjusted close": "254.497425185185",
            "6. volume": "47594239",
            "7. dividend amount": "0.0000",
            "8. split coefficient": "1.0"
        },
        "2022-11-29": {
            "1. open": "241.4",
            "2. high": "242.79",
            "3. low": "238.21",
            "4. close": "240.33",
            "5. adjusted close": "239.724724444444",
            "6. volume": "17956313",
            "7. dividend amount": "0.0000",
            "8. split coefficient": "1.0"
        },
        "2022-11-28": {
            "1. open": "246.08",
            "2. high": "246.65",
            "3. low": "240.8",
            "4. close": "241.76",
            "5. adjusted close": "241.151122962963",
            "6. volume": "24810271",
            "7. dividend amount": "0.0000",
            "8. split coefficient": "1.0"
        }
    }
}